{
  "qnaDocuments": [
    {
      "id": 1,
      "answer": "Information about Expenses can be found on our HR page [HERE](https://kuka.sharepoint.com/sites/Americas-KATSharepoint/KAT_HR/SitePages/Expenses.aspx)",
      "source": "custom editorial",
      "questions": [
        "How do I submit an expense?"
      ],
      "metadata": [],
      "alternateQuestions": "",
      "alternateQuestionClusters": [],
      "changeStatus": "NoChange",
      "kbId": "05607834-9c69-49cf-b28c-00fa1a233a78",
      "context": {
        "isContextOnly": false,
        "prompts": []
      }
    },
    {
      "id": 2,
      "answer": "Hello KAT user! How may I help you?",
      "source": "custom editorial",
      "questions": [
        "Hi",
        "Hello"
      ],
      "metadata": [],
      "alternateQuestions": "",
      "alternateQuestionClusters": [],
      "changeStatus": "NoChange",
      "kbId": "05607834-9c69-49cf-b28c-00fa1a233a78",
      "context": {
        "isContextOnly": false,
        "prompts": []
      }
    },
    {
      "id": 3,
      "answer": "Here are the topics I can find regarding Jira.",
      "source": "custom editorial",
      "questions": [
        "Help with Jira",
        "Jira?",
        "What is Jira?"
      ],
      "metadata": [],
      "alternateQuestions": "",
      "alternateQuestionClusters": [],
      "changeStatus": "NoChange",
      "kbId": "05607834-9c69-49cf-b28c-00fa1a233a78",
      "context": {
        "isContextOnly": false,
        "prompts": []
      }
    }
  ]
}