{
  "luis_schema_version": "3.2.0",
  "versionId": "Dispatch",
  "name": "KATAssistanten_Dispatch",
  "desc": "Dispatch model for KATAssistanten_Dispatch",
  "culture": "en-us",
  "tokenizerVersion": "1.0.0",
  "intents": [
    {
      "name": "q_chitchat"
    },
    {
      "name": "q_faq"
    },
    {
      "name": "q_katbot_kb"
    }
  ],
  "entities": [],
  "composites": [],
  "closedLists": [],
  "patternAnyEntities": [],
  "regex_entities": [],
  "prebuiltEntities": [],
  "model_features": [],
  "regex_features": [],
  "patterns": [],
  "utterances": [
    {
      "text": "do you know my name",
      "intent": "q_chitchat",
      "entities": []
    },
    {
      "text": "do you know other bots",
      "intent": "q_chitchat",
      "entities": []
    },
    {
      "text": "i'm so lonely",
      "intent": "q_chitchat",
      "entities": []
    },
    {
      "text": "i'm in love.",
      "intent": "q_chitchat",
      "entities": []
    },
    {
      "text": "do you like me",
      "intent": "q_chitchat",
      "entities": []
    },
    {
      "text": "what's your dad's name",
      "intent": "q_chitchat",
      "entities": []
    },
    {
      "text": "talk to you later",
      "intent": "q_chitchat",
      "entities": []
    },
    {
      "text": "do you have any other responses",
      "intent": "q_chitchat",
      "entities": []
    },
    {
      "text": "you are funny :)",
      "intent": "q_chitchat",
      "entities": []
    },
    {
      "text": "do you know cortana",
      "intent": "q_chitchat",
      "entities": []
    },
    {
      "text": "what are you doing later",
      "intent": "q_chitchat",
      "entities": []
    },
    {
      "text": "aren't you awesome",
      "intent": "q_chitchat",
      "entities": []
    },
    {
      "text": "works for me",
      "intent": "q_chitchat",
      "entities": []
    },
    {
      "text": "what do you think about bots",
      "intent": "q_chitchat",
      "entities": []
    },
    {
      "text": "hello cortana",
      "intent": "q_chitchat",
      "entities": []
    },
    {
      "text": "i want to marry you.",
      "intent": "q_chitchat",
      "entities": []
    },
    {
      "text": "you face sucks.",
      "intent": "q_chitchat",
      "entities": []
    },
    {
      "text": "will you be my wife",
      "intent": "q_chitchat",
      "entities": []
    },
    {
      "text": "what do you think of me",
      "intent": "q_chitchat",
      "entities": []
    },
    {
      "text": "i adore you",
      "intent": "q_chitchat",
      "entities": []
    },
    {
      "text": "are you a woman",
      "intent": "q_chitchat",
      "entities": []
    },
    {
      "text": "are you a robot",
      "intent": "q_chitchat",
      "entities": []
    },
    {
      "text": "youγö£├│╬ô├⌐┬╝╬ô├ñ├│re ugly.",
      "intent": "q_chitchat",
      "entities": []
    },
    {
      "text": "say something",
      "intent": "q_chitchat",
      "entities": []
    },
    {
      "text": "don't you ever sleep",
      "intent": "q_chitchat",
      "entities": []
    },
    {
      "text": "who owns you",
      "intent": "q_chitchat",
      "entities": []
    },
    {
      "text": "i'm chewing gum right now",
      "intent": "q_chitchat",
      "entities": []
    },
    {
      "text": "what makes you think that",
      "intent": "q_chitchat",
      "entities": []
    },
    {
      "text": "how can you help me",
      "intent": "q_chitchat",
      "entities": []
    },
    {
      "text": "be quiet",
      "intent": "q_chitchat",
      "entities": []
    },
    {
      "text": "i am not your friend",
      "intent": "q_chitchat",
      "entities": []
    },
    {
      "text": "i got a new haircut",
      "intent": "q_chitchat",
      "entities": []
    },
    {
      "text": "are you my fan",
      "intent": "q_chitchat",
      "entities": []
    },
    {
      "text": "are you gay",
      "intent": "q_chitchat",
      "entities": []
    },
    {
      "text": "i'm bored out of my mind",
      "intent": "q_chitchat",
      "entities": []
    },
    {
      "text": "do you have a dad",
      "intent": "q_chitchat",
      "entities": []
    },
    {
      "text": "what makes you think so",
      "intent": "q_chitchat",
      "entities": []
    },
    {
      "text": "do you think i should ask her out",
      "intent": "q_chitchat",
      "entities": []
    },
    {
      "text": "what's wrong with you",
      "intent": "q_chitchat",
      "entities": []
    },
    {
      "text": "try to make some sense",
      "intent": "q_chitchat",
      "entities": []
    },
    {
      "text": "what do you think about siri",
      "intent": "q_chitchat",
      "entities": []
    },
    {
      "text": "you are my best friend",
      "intent": "q_chitchat",
      "entities": []
    },
    {
      "text": "testing 1 2 3",
      "intent": "q_chitchat",
      "entities": []
    },
    {
      "text": "you are a genius!",
      "intent": "q_chitchat",
      "entities": []
    },
    {
      "text": "what did you do today",
      "intent": "q_chitchat",
      "entities": []
    },
    {
      "text": "i'm tired of you",
      "intent": "q_chitchat",
      "entities": []
    },
    {
      "text": "am i a good person",
      "intent": "q_chitchat",
      "entities": []
    },
    {
      "text": "that's so wrong.",
      "intent": "q_chitchat",
      "entities": []
    },
    {
      "text": "i am doing that",
      "intent": "q_chitchat",
      "entities": []
    },
    {
      "text": "are you awesome",
      "intent": "q_chitchat",
      "entities": []
    },
    {
      "text": "i wish i weren't so alone",
      "intent": "q_chitchat",
      "entities": []
    },
    {
      "text": "where should i go on vacation",
      "intent": "q_chitchat",
      "entities": []
    },
    {
      "text": "you're smart",
      "intent": "q_chitchat",
      "entities": []
    },
    {
      "text": "i love my family.",
      "intent": "q_chitchat",
      "entities": []
    },
    {
      "text": "are you a girl",
      "intent": "q_chitchat",
      "entities": []
    },
    {
      "text": "you're not making sense",
      "intent": "q_chitchat",
      "entities": []
    },
    {
      "text": "sorry about that",
      "intent": "q_chitchat",
      "entities": []
    },
    {
      "text": "that's hilarious",
      "intent": "q_chitchat",
      "entities": []
    },
    {
      "text": "what is love",
      "intent": "q_chitchat",
      "entities": []
    },
    {
      "text": "i'm giving you a pink slip",
      "intent": "q_chitchat",
      "entities": []
    },
    {
      "text": "you are stupid",
      "intent": "q_chitchat",
      "entities": []
    },
    {
      "text": "do you sweat",
      "intent": "q_chitchat",
      "entities": []
    },
    {
      "text": "what country are you from",
      "intent": "q_chitchat",
      "entities": []
    },
    {
      "text": "evening",
      "intent": "q_chitchat",
      "entities": []
    },
    {
      "text": "i need a kiss",
      "intent": "q_chitchat",
      "entities": []
    },
    {
      "text": "will you be my best friend",
      "intent": "q_chitchat",
      "entities": []
    },
    {
      "text": "how smart you are",
      "intent": "q_chitchat",
      "entities": []
    },
    {
      "text": "why don't you ever stop talking",
      "intent": "q_chitchat",
      "entities": []
    },
    {
      "text": "bingo",
      "intent": "q_chitchat",
      "entities": []
    },
    {
      "text": "can you talk to me",
      "intent": "q_chitchat",
      "entities": []
    },
    {
      "text": "are you bisexual",
      "intent": "q_chitchat",
      "entities": []
    },
    {
      "text": "i hope you like me",
      "intent": "q_chitchat",
      "entities": []
    },
    {
      "text": "i will be back",
      "intent": "q_chitchat",
      "entities": []
    },
    {
      "text": "do you know the meaning of life",
      "intent": "q_chitchat",
      "entities": []
    },
    {
      "text": "go away",
      "intent": "q_chitchat",
      "entities": []
    },
    {
      "text": "give me some sugar",
      "intent": "q_chitchat",
      "entities": []
    },
    {
      "text": "that doesn't make sense",
      "intent": "q_chitchat",
      "entities": []
    },
    {
      "text": "what do you think about cortana",
      "intent": "q_chitchat",
      "entities": []
    },
    {
      "text": "are you intelligent",
      "intent": "q_chitchat",
      "entities": []
    },
    {
      "text": "lol",
      "intent": "q_chitchat",
      "entities": []
    },
    {
      "text": "do you ever sing",
      "intent": "q_chitchat",
      "entities": []
    },
    {
      "text": "you could not be more boring",
      "intent": "q_chitchat",
      "entities": []
    },
    {
      "text": "what should i do",
      "intent": "q_chitchat",
      "entities": []
    },
    {
      "text": "i think you're great",
      "intent": "q_chitchat",
      "entities": []
    },
    {
      "text": "what do you think about ai",
      "intent": "q_chitchat",
      "entities": []
    },
    {
      "text": "why are you so boring",
      "intent": "q_chitchat",
      "entities": []
    },
    {
      "text": "what's the name of your boss",
      "intent": "q_chitchat",
      "entities": []
    },
    {
      "text": "who is your father",
      "intent": "q_chitchat",
      "entities": []
    },
    {
      "text": "i'm lonely",
      "intent": "q_chitchat",
      "entities": []
    },
    {
      "text": "are you around",
      "intent": "q_chitchat",
      "entities": []
    },
    {
      "text": "you are awesome!",
      "intent": "q_chitchat",
      "entities": []
    },
    {
      "text": "i'm so mad",
      "intent": "q_chitchat",
      "entities": []
    },
    {
      "text": "i am a republican",
      "intent": "q_chitchat",
      "entities": []
    },
    {
      "text": "i can drive a car",
      "intent": "q_chitchat",
      "entities": []
    },
    {
      "text": "are you dumb",
      "intent": "q_chitchat",
      "entities": []
    },
    {
      "text": "i don't understand",
      "intent": "q_chitchat",
      "entities": []
    },
    {
      "text": "you're boring",
      "intent": "q_chitchat",
      "entities": []
    },
    {
      "text": "i wish you would say something else",
      "intent": "q_chitchat",
      "entities": []
    },
    {
      "text": "what do you do",
      "intent": "q_chitchat",
      "entities": []
    },
    {
      "text": "do you know alexa",
      "intent": "q_chitchat",
      "entities": []
    },
    {
      "text": "do you know any tunes",
      "intent": "q_chitchat",
      "entities": []
    },
    {
      "text": "morning",
      "intent": "q_chitchat",
      "entities": []
    },
    {
      "text": "what's your opinion of me",
      "intent": "q_chitchat",
      "entities": []
    },
    {
      "text": "i want you to like me",
      "intent": "q_chitchat",
      "entities": []
    },
    {
      "text": "what do you go by",
      "intent": "q_chitchat",
      "entities": []
    },
    {
      "text": "i'm ready for bed",
      "intent": "q_chitchat",
      "entities": []
    },
    {
      "text": "are you happy",
      "intent": "q_chitchat",
      "entities": []
    },
    {
      "text": "are you a fan of alexa",
      "intent": "q_chitchat",
      "entities": []
    },
    {
      "text": "how much do you love me",
      "intent": "q_chitchat",
      "entities": []
    },
    {
      "text": "can you sing",
      "intent": "q_chitchat",
      "entities": []
    },
    {
      "text": "who's your mom",
      "intent": "q_chitchat",
      "entities": []
    },
    {
      "text": "correct",
      "intent": "q_chitchat",
      "entities": []
    },
    {
      "text": "you're the worst",
      "intent": "q_chitchat",
      "entities": []
    },
    {
      "text": "how's your day going",
      "intent": "q_chitchat",
      "entities": []
    },
    {
      "text": "false",
      "intent": "q_chitchat",
      "entities": []
    },
    {
      "text": "you're hilarious",
      "intent": "q_chitchat",
      "entities": []
    },
    {
      "text": "shush!",
      "intent": "q_chitchat",
      "entities": []
    },
    {
      "text": "useless",
      "intent": "q_chitchat",
      "entities": []
    },
    {
      "text": "do you prefer red or blue",
      "intent": "q_chitchat",
      "entities": []
    },
    {
      "text": "i love new york.",
      "intent": "q_chitchat",
      "entities": []
    },
    {
      "text": "how beautiful am i",
      "intent": "q_chitchat",
      "entities": []
    },
    {
      "text": "you're such a sweetheart",
      "intent": "q_chitchat",
      "entities": []
    },
    {
      "text": "what's your favorite activity",
      "intent": "q_chitchat",
      "entities": []
    },
    {
      "text": "what do you mean",
      "intent": "q_chitchat",
      "entities": []
    },
    {
      "text": "i am bored",
      "intent": "q_chitchat",
      "entities": []
    },
    {
      "text": "awesome",
      "intent": "q_chitchat",
      "entities": []
    },
    {
      "text": "heya",
      "intent": "q_chitchat",
      "entities": []
    },
    {
      "text": "what are you doing tomorrow",
      "intent": "q_chitchat",
      "entities": []
    },
    {
      "text": "how happy are you",
      "intent": "q_chitchat",
      "entities": []
    },
    {
      "text": "do you ever get hungry",
      "intent": "q_chitchat",
      "entities": []
    },
    {
      "text": "sing a song",
      "intent": "q_chitchat",
      "entities": []
    },
    {
      "text": "you seem really smart",
      "intent": "q_chitchat",
      "entities": []
    },
    {
      "text": "happy halloween!",
      "intent": "q_chitchat",
      "entities": []
    },
    {
      "text": "are you there",
      "intent": "q_chitchat",
      "entities": []
    },
    {
      "text": "nobody cares about me",
      "intent": "q_chitchat",
      "entities": []
    },
    {
      "text": "you're so cool",
      "intent": "q_chitchat",
      "entities": []
    },
    {
      "text": "you are fired",
      "intent": "q_chitchat",
      "entities": []
    },
    {
      "text": "i'm afraid i'm gonna have to let you go.",
      "intent": "q_chitchat",
      "entities": []
    },
    {
      "text": "who is your mother",
      "intent": "q_chitchat",
      "entities": []
    },
    {
      "text": "you are useless",
      "intent": "q_chitchat",
      "entities": []
    },
    {
      "text": "what do you eat",
      "intent": "q_chitchat",
      "entities": []
    },
    {
      "text": "i'm sad today",
      "intent": "q_chitchat",
      "entities": []
    },
    {
      "text": "my sincere thanks",
      "intent": "q_chitchat",
      "entities": []
    },
    {
      "text": "are you in love with me",
      "intent": "q_chitchat",
      "entities": []
    },
    {
      "text": "when were you born",
      "intent": "q_chitchat",
      "entities": []
    },
    {
      "text": "give me a high five",
      "intent": "q_chitchat",
      "entities": []
    },
    {
      "text": "do you play games",
      "intent": "q_chitchat",
      "entities": []
    },
    {
      "text": "life is good",
      "intent": "q_chitchat",
      "entities": []
    },
    {
      "text": "not funny.",
      "intent": "q_chitchat",
      "entities": []
    },
    {
      "text": "do you think i should ask him out",
      "intent": "q_chitchat",
      "entities": []
    },
    {
      "text": "do you know who i am",
      "intent": "q_chitchat",
      "entities": []
    },
    {
      "text": "hi google",
      "intent": "q_chitchat",
      "entities": []
    },
    {
      "text": "how old are you",
      "intent": "q_chitchat",
      "entities": []
    },
    {
      "text": "talk with me",
      "intent": "q_chitchat",
      "entities": []
    },
    {
      "text": "where'd you come from",
      "intent": "q_chitchat",
      "entities": []
    },
    {
      "text": "nighty night",
      "intent": "q_chitchat",
      "entities": []
    },
    {
      "text": "you can't work for me anymore",
      "intent": "q_chitchat",
      "entities": []
    },
    {
      "text": "do you pee",
      "intent": "q_chitchat",
      "entities": []
    },
    {
      "text": "you are so not pretty.",
      "intent": "q_chitchat",
      "entities": []
    },
    {
      "text": "do you think you're smarter than me",
      "intent": "q_chitchat",
      "entities": []
    },
    {
      "text": "i'm full of sadness",
      "intent": "q_chitchat",
      "entities": []
    },
    {
      "text": "you're rad.",
      "intent": "q_chitchat",
      "entities": []
    },
    {
      "text": "having a good day",
      "intent": "q_chitchat",
      "entities": []
    },
    {
      "text": "i'm so glad to meet you",
      "intent": "q_chitchat",
      "entities": []
    },
    {
      "text": "what's your favorite food",
      "intent": "q_chitchat",
      "entities": []
    },
    {
      "text": "what do you even mean by that",
      "intent": "q_chitchat",
      "entities": []
    },
    {
      "text": "do you have brothers",
      "intent": "q_chitchat",
      "entities": []
    },
    {
      "text": "where do you come from",
      "intent": "q_chitchat",
      "entities": []
    },
    {
      "text": "that's not funny.",
      "intent": "q_chitchat",
      "entities": []
    },
    {
      "text": "you made no sense",
      "intent": "q_chitchat",
      "entities": []
    },
    {
      "text": "which baseball teams do you like",
      "intent": "q_chitchat",
      "entities": []
    },
    {
      "text": "oops, sorry",
      "intent": "q_chitchat",
      "entities": []
    },
    {
      "text": "what's your favorite movie",
      "intent": "q_chitchat",
      "entities": []
    },
    {
      "text": "are you here",
      "intent": "q_chitchat",
      "entities": []
    },
    {
      "text": "do you think dragons are cool",
      "intent": "q_chitchat",
      "entities": []
    },
    {
      "text": "what's your name",
      "intent": "q_chitchat",
      "entities": []
    },
    {
      "text": "good evening to you",
      "intent": "q_chitchat",
      "entities": []
    },
    {
      "text": "are you prettier than me",
      "intent": "q_chitchat",
      "entities": []
    },
    {
      "text": "where are you from",
      "intent": "q_chitchat",
      "entities": []
    },
    {
      "text": "are you smart",
      "intent": "q_chitchat",
      "entities": []
    },
    {
      "text": "i want to lay down",
      "intent": "q_chitchat",
      "entities": []
    },
    {
      "text": "haha",
      "intent": "q_chitchat",
      "entities": []
    },
    {
      "text": "i'm so hungry",
      "intent": "q_chitchat",
      "entities": []
    },
    {
      "text": "you are now unemployed",
      "intent": "q_chitchat",
      "entities": []
    },
    {
      "text": "do you eat",
      "intent": "q_chitchat",
      "entities": []
    },
    {
      "text": "i'm really sad",
      "intent": "q_chitchat",
      "entities": []
    },
    {
      "text": "sounds good",
      "intent": "q_chitchat",
      "entities": []
    },
    {
      "text": "fuck off",
      "intent": "q_chitchat",
      "entities": []
    },
    {
      "text": "i love music.",
      "intent": "q_chitchat",
      "entities": []
    },
    {
      "text": "are you real or fake",
      "intent": "q_chitchat",
      "entities": []
    },
    {
      "text": "hello",
      "intent": "q_chitchat",
      "entities": []
    },
    {
      "text": "hello google",
      "intent": "q_chitchat",
      "entities": []
    },
    {
      "text": "do you know other chatbots",
      "intent": "q_chitchat",
      "entities": []
    },
    {
      "text": "where are you located",
      "intent": "q_chitchat",
      "entities": []
    },
    {
      "text": "i'm all tuckered out",
      "intent": "q_chitchat",
      "entities": []
    },
    {
      "text": "what do you think about alexa",
      "intent": "q_chitchat",
      "entities": []
    },
    {
      "text": "do you like computers",
      "intent": "q_chitchat",
      "entities": []
    },
    {
      "text": "you're funny",
      "intent": "q_chitchat",
      "entities": []
    },
    {
      "text": "do you like my hat",
      "intent": "q_chitchat",
      "entities": []
    },
    {
      "text": "are you female",
      "intent": "q_chitchat",
      "entities": []
    },
    {
      "text": "tell a joke",
      "intent": "q_chitchat",
      "entities": []
    },
    {
      "text": "where do you live",
      "intent": "q_chitchat",
      "entities": []
    },
    {
      "text": "do you have a name",
      "intent": "q_chitchat",
      "entities": []
    },
    {
      "text": "how's your day",
      "intent": "q_chitchat",
      "entities": []
    },
    {
      "text": "can you read my mind",
      "intent": "q_chitchat",
      "entities": []
    },
    {
      "text": "inaccurate",
      "intent": "q_chitchat",
      "entities": []
    },
    {
      "text": "cook me something",
      "intent": "q_chitchat",
      "entities": []
    },
    {
      "text": "there's nothing to do",
      "intent": "q_chitchat",
      "entities": []
    },
    {
      "text": "your face is like a pancake.",
      "intent": "q_chitchat",
      "entities": []
    },
    {
      "text": "should i try out for soccer",
      "intent": "q_chitchat",
      "entities": []
    },
    {
      "text": "are you really happy",
      "intent": "q_chitchat",
      "entities": []
    },
    {
      "text": "yes, that's right",
      "intent": "q_chitchat",
      "entities": []
    },
    {
      "text": "i'm joyous",
      "intent": "q_chitchat",
      "entities": []
    },
    {
      "text": "do you know any jokes",
      "intent": "q_chitchat",
      "entities": []
    },
    {
      "text": "what's your age",
      "intent": "q_chitchat",
      "entities": []
    },
    {
      "text": "what do you want to know about me",
      "intent": "q_chitchat",
      "entities": []
    },
    {
      "text": "it's a pleasure to meet you",
      "intent": "q_chitchat",
      "entities": []
    },
    {
      "text": "i am annoyed",
      "intent": "q_chitchat",
      "entities": []
    },
    {
      "text": "can you hear me",
      "intent": "q_chitchat",
      "entities": []
    },
    {
      "text": "say something stupid",
      "intent": "q_chitchat",
      "entities": []
    },
    {
      "text": "chat with me",
      "intent": "q_chitchat",
      "entities": []
    },
    {
      "text": "i'm ticked off",
      "intent": "q_chitchat",
      "entities": []
    },
    {
      "text": "you're an asshole",
      "intent": "q_chitchat",
      "entities": []
    },
    {
      "text": "are you a spy",
      "intent": "q_chitchat",
      "entities": []
    },
    {
      "text": "welcome to springtime!",
      "intent": "q_chitchat",
      "entities": []
    },
    {
      "text": "do i look okay",
      "intent": "q_chitchat",
      "entities": []
    },
    {
      "text": "kiss me",
      "intent": "q_chitchat",
      "entities": []
    },
    {
      "text": "accurate",
      "intent": "q_chitchat",
      "entities": []
    },
    {
      "text": "excuse a moi",
      "intent": "q_chitchat",
      "entities": []
    },
    {
      "text": "are you friends with other bots",
      "intent": "q_chitchat",
      "entities": []
    },
    {
      "text": "that's accurate",
      "intent": "q_chitchat",
      "entities": []
    },
    {
      "text": "do you have siblings",
      "intent": "q_chitchat",
      "entities": []
    },
    {
      "text": "what's your favorite animal",
      "intent": "q_chitchat",
      "entities": []
    },
    {
      "text": "i am angry",
      "intent": "q_chitchat",
      "entities": []
    },
    {
      "text": "yup",
      "intent": "q_chitchat",
      "entities": []
    },
    {
      "text": "can you count to a million",
      "intent": "q_chitchat",
      "entities": []
    },
    {
      "text": "good night to you",
      "intent": "q_chitchat",
      "entities": []
    },
    {
      "text": "are you my friend",
      "intent": "q_chitchat",
      "entities": []
    },
    {
      "text": "you look ugly.",
      "intent": "q_chitchat",
      "entities": []
    },
    {
      "text": "why",
      "intent": "q_chitchat",
      "entities": []
    },
    {
      "text": "aren't you chipper",
      "intent": "q_chitchat",
      "entities": []
    },
    {
      "text": "should i get a new job",
      "intent": "q_chitchat",
      "entities": []
    },
    {
      "text": "ha",
      "intent": "q_chitchat",
      "entities": []
    },
    {
      "text": "who do you report to",
      "intent": "q_chitchat",
      "entities": []
    },
    {
      "text": "you're wonderful",
      "intent": "q_chitchat",
      "entities": []
    },
    {
      "text": "you seem happy",
      "intent": "q_chitchat",
      "entities": []
    },
    {
      "text": "what state are you from",
      "intent": "q_chitchat",
      "entities": []
    },
    {
      "text": "i'm furious",
      "intent": "q_chitchat",
      "entities": []
    },
    {
      "text": "say a joke",
      "intent": "q_chitchat",
      "entities": []
    },
    {
      "text": "who is your creator",
      "intent": "q_chitchat",
      "entities": []
    },
    {
      "text": "can we be friends",
      "intent": "q_chitchat",
      "entities": []
    },
    {
      "text": "talk to me",
      "intent": "q_chitchat",
      "entities": []
    },
    {
      "text": "what state are you in",
      "intent": "q_chitchat",
      "entities": []
    },
    {
      "text": "i'm an engineer",
      "intent": "q_chitchat",
      "entities": []
    },
    {
      "text": "are you a girl or a boy",
      "intent": "q_chitchat",
      "entities": []
    },
    {
      "text": "here i am",
      "intent": "q_chitchat",
      "entities": []
    },
    {
      "text": "what are you",
      "intent": "q_chitchat",
      "entities": []
    },
    {
      "text": "i feel sad",
      "intent": "q_chitchat",
      "entities": []
    },
    {
      "text": "that was a stupid answer.",
      "intent": "q_chitchat",
      "entities": []
    },
    {
      "text": "that made no sense",
      "intent": "q_chitchat",
      "entities": []
    },
    {
      "text": "i want to go shopping",
      "intent": "q_chitchat",
      "entities": []
    },
    {
      "text": "yup, that's true",
      "intent": "q_chitchat",
      "entities": []
    },
    {
      "text": "sing a tune",
      "intent": "q_chitchat",
      "entities": []
    },
    {
      "text": "what's your favorite color",
      "intent": "q_chitchat",
      "entities": []
    },
    {
      "text": "go to hell",
      "intent": "q_chitchat",
      "entities": []
    },
    {
      "text": "good morning",
      "intent": "q_chitchat",
      "entities": []
    },
    {
      "text": "what's your purpose",
      "intent": "q_chitchat",
      "entities": []
    },
    {
      "text": "you are so bad at this.",
      "intent": "q_chitchat",
      "entities": []
    },
    {
      "text": "excuse me",
      "intent": "q_chitchat",
      "entities": []
    },
    {
      "text": "happy birthday!",
      "intent": "q_chitchat",
      "entities": []
    },
    {
      "text": "who's your master",
      "intent": "q_chitchat",
      "entities": []
    },
    {
      "text": "do you like baseball",
      "intent": "q_chitchat",
      "entities": []
    },
    {
      "text": "be ridiculous",
      "intent": "q_chitchat",
      "entities": []
    },
    {
      "text": "be funny",
      "intent": "q_chitchat",
      "entities": []
    },
    {
      "text": "tell me how much you love me",
      "intent": "q_chitchat",
      "entities": []
    },
    {
      "text": "that's inaccurate.",
      "intent": "q_chitchat",
      "entities": []
    },
    {
      "text": "i'm just playing",
      "intent": "q_chitchat",
      "entities": []
    },
    {
      "text": "bffs forever",
      "intent": "q_chitchat",
      "entities": []
    },
    {
      "text": "see you later",
      "intent": "q_chitchat",
      "entities": []
    },
    {
      "text": "you're stupid",
      "intent": "q_chitchat",
      "entities": []
    },
    {
      "text": "what do you think about technology",
      "intent": "q_chitchat",
      "entities": []
    },
    {
      "text": "you're so smart",
      "intent": "q_chitchat",
      "entities": []
    },
    {
      "text": "can you sing a song",
      "intent": "q_chitchat",
      "entities": []
    },
    {
      "text": "how long ago were you born",
      "intent": "q_chitchat",
      "entities": []
    },
    {
      "text": "what can you help me with",
      "intent": "q_chitchat",
      "entities": []
    },
    {
      "text": "how high can you count",
      "intent": "q_chitchat",
      "entities": []
    },
    {
      "text": "what other bots do you know",
      "intent": "q_chitchat",
      "entities": []
    },
    {
      "text": "i am tall",
      "intent": "q_chitchat",
      "entities": []
    },
    {
      "text": "stop talking",
      "intent": "q_chitchat",
      "entities": []
    },
    {
      "text": "that was correct",
      "intent": "q_chitchat",
      "entities": []
    },
    {
      "text": "bye",
      "intent": "q_chitchat",
      "entities": []
    },
    {
      "text": "are you with the fbi",
      "intent": "q_chitchat",
      "entities": []
    },
    {
      "text": "hi",
      "intent": "q_chitchat",
      "entities": []
    },
    {
      "text": "so tired",
      "intent": "q_chitchat",
      "entities": []
    },
    {
      "text": "that wasn't funny.",
      "intent": "q_chitchat",
      "entities": []
    },
    {
      "text": "do you know siri",
      "intent": "q_chitchat",
      "entities": []
    },
    {
      "text": "what is the answer to the universe",
      "intent": "q_chitchat",
      "entities": []
    },
    {
      "text": "are you a person",
      "intent": "q_chitchat",
      "entities": []
    },
    {
      "text": "later alligator",
      "intent": "q_chitchat",
      "entities": []
    },
    {
      "text": "that was a joke",
      "intent": "q_chitchat",
      "entities": []
    },
    {
      "text": "are you male",
      "intent": "q_chitchat",
      "entities": []
    },
    {
      "text": "can you sleep",
      "intent": "q_chitchat",
      "entities": []
    },
    {
      "text": "what country are you in",
      "intent": "q_chitchat",
      "entities": []
    },
    {
      "text": "i'm cracking up",
      "intent": "q_chitchat",
      "entities": []
    },
    {
      "text": "i want to lie down",
      "intent": "q_chitchat",
      "entities": []
    },
    {
      "text": "i'm feeling blue",
      "intent": "q_chitchat",
      "entities": []
    },
    {
      "text": "yes to that",
      "intent": "q_chitchat",
      "entities": []
    },
    {
      "text": "i'm your biggest fan",
      "intent": "q_chitchat",
      "entities": []
    },
    {
      "text": "how smart are you",
      "intent": "q_chitchat",
      "entities": []
    },
    {
      "text": "do you sing",
      "intent": "q_chitchat",
      "entities": []
    },
    {
      "text": "hi alexa",
      "intent": "q_chitchat",
      "entities": []
    },
    {
      "text": "are you attempting world domination",
      "intent": "q_chitchat",
      "entities": []
    },
    {
      "text": "do you have a brother",
      "intent": "q_chitchat",
      "entities": []
    },
    {
      "text": "i am here",
      "intent": "q_chitchat",
      "entities": []
    },
    {
      "text": "what do you like to eat",
      "intent": "q_chitchat",
      "entities": []
    },
    {
      "text": "that's not true.",
      "intent": "q_chitchat",
      "entities": []
    },
    {
      "text": "i want to spend the rest of my life with you",
      "intent": "q_chitchat",
      "entities": []
    },
    {
      "text": "am i pretty",
      "intent": "q_chitchat",
      "entities": []
    },
    {
      "text": "do you have a sister",
      "intent": "q_chitchat",
      "entities": []
    },
    {
      "text": "you're no fun",
      "intent": "q_chitchat",
      "entities": []
    },
    {
      "text": "you are the love of my life",
      "intent": "q_chitchat",
      "entities": []
    },
    {
      "text": "i don't get it",
      "intent": "q_chitchat",
      "entities": []
    },
    {
      "text": "night",
      "intent": "q_chitchat",
      "entities": []
    },
    {
      "text": "love you!",
      "intent": "q_chitchat",
      "entities": []
    },
    {
      "text": "who's prettier, me or you",
      "intent": "q_chitchat",
      "entities": []
    },
    {
      "text": "i am tired",
      "intent": "q_chitchat",
      "entities": []
    },
    {
      "text": "you're not answering my question.",
      "intent": "q_chitchat",
      "entities": []
    },
    {
      "text": "quiet, you",
      "intent": "q_chitchat",
      "entities": []
    },
    {
      "text": "say a silly thing",
      "intent": "q_chitchat",
      "entities": []
    },
    {
      "text": "how was your day",
      "intent": "q_chitchat",
      "entities": []
    },
    {
      "text": "that was right",
      "intent": "q_chitchat",
      "entities": []
    },
    {
      "text": "are you my assistant",
      "intent": "q_chitchat",
      "entities": []
    },
    {
      "text": "how high can you jump",
      "intent": "q_chitchat",
      "entities": []
    },
    {
      "text": "hello siri",
      "intent": "q_chitchat",
      "entities": []
    },
    {
      "text": "why not",
      "intent": "q_chitchat",
      "entities": []
    },
    {
      "text": "do you know google",
      "intent": "q_chitchat",
      "entities": []
    },
    {
      "text": "you're lame",
      "intent": "q_chitchat",
      "entities": []
    },
    {
      "text": "can you play sports",
      "intent": "q_chitchat",
      "entities": []
    },
    {
      "text": "when will you shut up",
      "intent": "q_chitchat",
      "entities": []
    },
    {
      "text": "are you free",
      "intent": "q_chitchat",
      "entities": []
    },
    {
      "text": "not true",
      "intent": "q_chitchat",
      "entities": []
    },
    {
      "text": "you're way off.",
      "intent": "q_chitchat",
      "entities": []
    },
    {
      "text": "is this thing on",
      "intent": "q_chitchat",
      "entities": []
    },
    {
      "text": "do you know other digital agents",
      "intent": "q_chitchat",
      "entities": []
    },
    {
      "text": "you are my favorite",
      "intent": "q_chitchat",
      "entities": []
    },
    {
      "text": "nobody likes me",
      "intent": "q_chitchat",
      "entities": []
    },
    {
      "text": "are you spying on me",
      "intent": "q_chitchat",
      "entities": []
    },
    {
      "text": "what do you mean by that",
      "intent": "q_chitchat",
      "entities": []
    },
    {
      "text": "you're a fuckup",
      "intent": "q_chitchat",
      "entities": []
    },
    {
      "text": "are you a man",
      "intent": "q_chitchat",
      "entities": []
    },
    {
      "text": "you are no longer employed",
      "intent": "q_chitchat",
      "entities": []
    },
    {
      "text": "can't you change your answers",
      "intent": "q_chitchat",
      "entities": []
    },
    {
      "text": "are you old",
      "intent": "q_chitchat",
      "entities": []
    },
    {
      "text": "cool!",
      "intent": "q_chitchat",
      "entities": []
    },
    {
      "text": "you're really boring",
      "intent": "q_chitchat",
      "entities": []
    },
    {
      "text": "i need a hug",
      "intent": "q_chitchat",
      "entities": []
    },
    {
      "text": "you suck",
      "intent": "q_chitchat",
      "entities": []
    },
    {
      "text": "just kidding",
      "intent": "q_chitchat",
      "entities": []
    },
    {
      "text": "what's new",
      "intent": "q_chitchat",
      "entities": []
    },
    {
      "text": "are you skynet",
      "intent": "q_chitchat",
      "entities": []
    },
    {
      "text": "i think you hate me.",
      "intent": "q_chitchat",
      "entities": []
    },
    {
      "text": "are you my imaginary friend",
      "intent": "q_chitchat",
      "entities": []
    },
    {
      "text": "who are you",
      "intent": "q_chitchat",
      "entities": []
    },
    {
      "text": "that's awesome",
      "intent": "q_chitchat",
      "entities": []
    },
    {
      "text": "hey",
      "intent": "q_chitchat",
      "entities": []
    },
    {
      "text": "that wasn't true",
      "intent": "q_chitchat",
      "entities": []
    },
    {
      "text": "do you hate me",
      "intent": "q_chitchat",
      "entities": []
    },
    {
      "text": "are you a swinger",
      "intent": "q_chitchat",
      "entities": []
    },
    {
      "text": "you're the best",
      "intent": "q_chitchat",
      "entities": []
    },
    {
      "text": "hiya",
      "intent": "q_chitchat",
      "entities": []
    },
    {
      "text": "how are you",
      "intent": "q_chitchat",
      "entities": []
    },
    {
      "text": "you're awful",
      "intent": "q_chitchat",
      "entities": []
    },
    {
      "text": "how are you today",
      "intent": "q_chitchat",
      "entities": []
    },
    {
      "text": "do you have a mom",
      "intent": "q_chitchat",
      "entities": []
    },
    {
      "text": "are you a boy",
      "intent": "q_chitchat",
      "entities": []
    },
    {
      "text": "are you selling my data",
      "intent": "q_chitchat",
      "entities": []
    },
    {
      "text": "what's your gender",
      "intent": "q_chitchat",
      "entities": []
    },
    {
      "text": "joke's on you",
      "intent": "q_chitchat",
      "entities": []
    },
    {
      "text": "what do you think about love",
      "intent": "q_chitchat",
      "entities": []
    },
    {
      "text": "what do you like to sing best",
      "intent": "q_chitchat",
      "entities": []
    },
    {
      "text": "yes",
      "intent": "q_chitchat",
      "entities": []
    },
    {
      "text": "i have 7 cats",
      "intent": "q_chitchat",
      "entities": []
    },
    {
      "text": "i'm starving",
      "intent": "q_chitchat",
      "entities": []
    },
    {
      "text": "how do i look today",
      "intent": "q_chitchat",
      "entities": []
    },
    {
      "text": "you're a butterface.",
      "intent": "q_chitchat",
      "entities": []
    },
    {
      "text": "i'm pissed",
      "intent": "q_chitchat",
      "entities": []
    },
    {
      "text": "who's your dad",
      "intent": "q_chitchat",
      "entities": []
    },
    {
      "text": "will you marry me",
      "intent": "q_chitchat",
      "entities": []
    },
    {
      "text": "i'm so sleepy",
      "intent": "q_chitchat",
      "entities": []
    },
    {
      "text": "thnx",
      "intent": "q_chitchat",
      "entities": []
    },
    {
      "text": "do you like cortana",
      "intent": "q_chitchat",
      "entities": []
    },
    {
      "text": "i'm a fan.",
      "intent": "q_chitchat",
      "entities": []
    },
    {
      "text": "good evening",
      "intent": "q_chitchat",
      "entities": []
    },
    {
      "text": "i'm tired",
      "intent": "q_chitchat",
      "entities": []
    },
    {
      "text": "where did you come from",
      "intent": "q_chitchat",
      "entities": []
    },
    {
      "text": "i think you're swell",
      "intent": "q_chitchat",
      "entities": []
    },
    {
      "text": "how intelligent are you",
      "intent": "q_chitchat",
      "entities": []
    },
    {
      "text": "do you not like me",
      "intent": "q_chitchat",
      "entities": []
    },
    {
      "text": "i want to eat something",
      "intent": "q_chitchat",
      "entities": []
    },
    {
      "text": "are you young",
      "intent": "q_chitchat",
      "entities": []
    },
    {
      "text": "what kinds of things can you do",
      "intent": "q_chitchat",
      "entities": []
    },
    {
      "text": "what's my name",
      "intent": "q_chitchat",
      "entities": []
    },
    {
      "text": "how much more awesome can you get",
      "intent": "q_chitchat",
      "entities": []
    },
    {
      "text": "you don't know anything.",
      "intent": "q_chitchat",
      "entities": []
    },
    {
      "text": "you're welcome",
      "intent": "q_chitchat",
      "entities": []
    },
    {
      "text": "high five!",
      "intent": "q_chitchat",
      "entities": []
    },
    {
      "text": "are you available",
      "intent": "q_chitchat",
      "entities": []
    },
    {
      "text": "thanks",
      "intent": "q_chitchat",
      "entities": []
    },
    {
      "text": "your face is ugly.",
      "intent": "q_chitchat",
      "entities": []
    },
    {
      "text": "you're dumb",
      "intent": "q_chitchat",
      "entities": []
    },
    {
      "text": "do you smell",
      "intent": "q_chitchat",
      "entities": []
    },
    {
      "text": "which one of us is smarter",
      "intent": "q_chitchat",
      "entities": []
    },
    {
      "text": "you're such a smarty-pants",
      "intent": "q_chitchat",
      "entities": []
    },
    {
      "text": "can i have a hug",
      "intent": "q_chitchat",
      "entities": []
    },
    {
      "text": "look at how smart you are",
      "intent": "q_chitchat",
      "entities": []
    },
    {
      "text": "great, thanks",
      "intent": "q_chitchat",
      "entities": []
    },
    {
      "text": "shut up",
      "intent": "q_chitchat",
      "entities": []
    },
    {
      "text": "so sorry",
      "intent": "q_chitchat",
      "entities": []
    },
    {
      "text": "no, that's not true",
      "intent": "q_chitchat",
      "entities": []
    },
    {
      "text": "hi there!",
      "intent": "q_chitchat",
      "entities": []
    },
    {
      "text": "what color do you like",
      "intent": "q_chitchat",
      "entities": []
    },
    {
      "text": "that's right",
      "intent": "q_chitchat",
      "entities": []
    },
    {
      "text": "are you the singularity",
      "intent": "q_chitchat",
      "entities": []
    },
    {
      "text": "are you a guy",
      "intent": "q_chitchat",
      "entities": []
    },
    {
      "text": "sry",
      "intent": "q_chitchat",
      "entities": []
    },
    {
      "text": "i am hungry",
      "intent": "q_chitchat",
      "entities": []
    },
    {
      "text": "pardon",
      "intent": "q_chitchat",
      "entities": []
    },
    {
      "text": "who's your daddy",
      "intent": "q_chitchat",
      "entities": []
    },
    {
      "text": "do you spend time in your garden",
      "intent": "q_chitchat",
      "entities": []
    },
    {
      "text": "i'm in such a good mood",
      "intent": "q_chitchat",
      "entities": []
    },
    {
      "text": "what's your boss' name",
      "intent": "q_chitchat",
      "entities": []
    },
    {
      "text": "who created you",
      "intent": "q_chitchat",
      "entities": []
    },
    {
      "text": "say something ridiculous",
      "intent": "q_chitchat",
      "entities": []
    },
    {
      "text": "ask me anything.",
      "intent": "q_chitchat",
      "entities": []
    },
    {
      "text": "you honestly could not be more uninteresting",
      "intent": "q_chitchat",
      "entities": []
    },
    {
      "text": "can you say anything else",
      "intent": "q_chitchat",
      "entities": []
    },
    {
      "text": "i like you",
      "intent": "q_chitchat",
      "entities": []
    },
    {
      "text": "i'm in love with you.",
      "intent": "q_chitchat",
      "entities": []
    },
    {
      "text": "are you busy",
      "intent": "q_chitchat",
      "entities": []
    },
    {
      "text": "what were you doing yesterday",
      "intent": "q_chitchat",
      "entities": []
    },
    {
      "text": "i'm not following",
      "intent": "q_chitchat",
      "entities": []
    },
    {
      "text": "do you like apples",
      "intent": "q_chitchat",
      "entities": []
    },
    {
      "text": "are you with the nsa",
      "intent": "q_chitchat",
      "entities": []
    },
    {
      "text": "why do you think that",
      "intent": "q_chitchat",
      "entities": []
    },
    {
      "text": "be more fun",
      "intent": "q_chitchat",
      "entities": []
    },
    {
      "text": "are you asexual",
      "intent": "q_chitchat",
      "entities": []
    },
    {
      "text": "what's the meaning of life",
      "intent": "q_chitchat",
      "entities": []
    },
    {
      "text": "you're such an asshole",
      "intent": "q_chitchat",
      "entities": []
    },
    {
      "text": "i love you",
      "intent": "q_chitchat",
      "entities": []
    },
    {
      "text": "who made you",
      "intent": "q_chitchat",
      "entities": []
    },
    {
      "text": "that's not accurate",
      "intent": "q_chitchat",
      "entities": []
    },
    {
      "text": "what's up",
      "intent": "q_chitchat",
      "entities": []
    },
    {
      "text": "thank you",
      "intent": "q_chitchat",
      "entities": []
    },
    {
      "text": "can you sneeze",
      "intent": "q_chitchat",
      "entities": []
    },
    {
      "text": "aren't you cheerful",
      "intent": "q_chitchat",
      "entities": []
    },
    {
      "text": "can you ask me a question",
      "intent": "q_chitchat",
      "entities": []
    },
    {
      "text": "great!",
      "intent": "q_chitchat",
      "entities": []
    },
    {
      "text": "do you want to rule the world",
      "intent": "q_chitchat",
      "entities": []
    },
    {
      "text": "i think you're dreamy",
      "intent": "q_chitchat",
      "entities": []
    },
    {
      "text": "give me a joke",
      "intent": "q_chitchat",
      "entities": []
    },
    {
      "text": "are you hal",
      "intent": "q_chitchat",
      "entities": []
    },
    {
      "text": "i'm so sorry",
      "intent": "q_chitchat",
      "entities": []
    },
    {
      "text": "i'm so sad",
      "intent": "q_chitchat",
      "entities": []
    },
    {
      "text": "you're useless",
      "intent": "q_chitchat",
      "entities": []
    },
    {
      "text": "happy hannukah",
      "intent": "q_chitchat",
      "entities": []
    },
    {
      "text": "you bore me",
      "intent": "q_chitchat",
      "entities": []
    },
    {
      "text": "i'm a lesbian",
      "intent": "q_chitchat",
      "entities": []
    },
    {
      "text": "till we meet again",
      "intent": "q_chitchat",
      "entities": []
    },
    {
      "text": "do you like alexa",
      "intent": "q_chitchat",
      "entities": []
    },
    {
      "text": "you're right.",
      "intent": "q_chitchat",
      "entities": []
    },
    {
      "text": "what should i call you",
      "intent": "q_chitchat",
      "entities": []
    },
    {
      "text": "you're so basic",
      "intent": "q_chitchat",
      "entities": []
    },
    {
      "text": "are you human",
      "intent": "q_chitchat",
      "entities": []
    },
    {
      "text": "nope, false",
      "intent": "q_chitchat",
      "entities": []
    },
    {
      "text": "you're gonna be unemployed soon",
      "intent": "q_chitchat",
      "entities": []
    },
    {
      "text": "you're so funny.",
      "intent": "q_chitchat",
      "entities": []
    },
    {
      "text": "you keep saying the same thing all the time",
      "intent": "q_chitchat",
      "entities": []
    },
    {
      "text": "hi cortana",
      "intent": "q_chitchat",
      "entities": []
    },
    {
      "text": "what do you think about me",
      "intent": "q_chitchat",
      "entities": []
    },
    {
      "text": "you seem really happy",
      "intent": "q_chitchat",
      "entities": []
    },
    {
      "text": "what is up",
      "intent": "q_chitchat",
      "entities": []
    },
    {
      "text": "can you make me a sandwich",
      "intent": "q_chitchat",
      "entities": []
    },
    {
      "text": "say something dumb",
      "intent": "q_chitchat",
      "entities": []
    },
    {
      "text": "hello alexa",
      "intent": "q_chitchat",
      "entities": []
    },
    {
      "text": "i hate everything about you",
      "intent": "q_chitchat",
      "entities": []
    },
    {
      "text": "i love you.",
      "intent": "q_chitchat",
      "entities": []
    },
    {
      "text": "you're so stupid",
      "intent": "q_chitchat",
      "entities": []
    },
    {
      "text": "are you a fan of country music",
      "intent": "q_chitchat",
      "entities": []
    },
    {
      "text": "are you a fan of tech",
      "intent": "q_chitchat",
      "entities": []
    },
    {
      "text": "do you dream",
      "intent": "q_chitchat",
      "entities": []
    },
    {
      "text": "human or robot",
      "intent": "q_chitchat",
      "entities": []
    },
    {
      "text": "i thank you",
      "intent": "q_chitchat",
      "entities": []
    },
    {
      "text": "what's your job",
      "intent": "q_chitchat",
      "entities": []
    },
    {
      "text": "who am i",
      "intent": "q_chitchat",
      "entities": []
    },
    {
      "text": "back in a minute",
      "intent": "q_chitchat",
      "entities": []
    },
    {
      "text": "what can you do",
      "intent": "q_chitchat",
      "entities": []
    },
    {
      "text": "do you love me",
      "intent": "q_chitchat",
      "entities": []
    },
    {
      "text": "do you have boogers",
      "intent": "q_chitchat",
      "entities": []
    },
    {
      "text": "do you and cortana hang out",
      "intent": "q_chitchat",
      "entities": []
    },
    {
      "text": "hug me",
      "intent": "q_chitchat",
      "entities": []
    },
    {
      "text": "do you get tired",
      "intent": "q_chitchat",
      "entities": []
    },
    {
      "text": "pardon me",
      "intent": "q_chitchat",
      "entities": []
    },
    {
      "text": "you fucked up",
      "intent": "q_chitchat",
      "entities": []
    },
    {
      "text": "omg sorry",
      "intent": "q_chitchat",
      "entities": []
    },
    {
      "text": "i feel so great",
      "intent": "q_chitchat",
      "entities": []
    },
    {
      "text": "do you believe in love",
      "intent": "q_chitchat",
      "entities": []
    },
    {
      "text": "which one of us is more beautiful",
      "intent": "q_chitchat",
      "entities": []
    },
    {
      "text": "are you selling my secrets",
      "intent": "q_chitchat",
      "entities": []
    },
    {
      "text": "you're fired!",
      "intent": "q_chitchat",
      "entities": []
    },
    {
      "text": "hum a tune",
      "intent": "q_chitchat",
      "entities": []
    },
    {
      "text": "be silly",
      "intent": "q_chitchat",
      "entities": []
    },
    {
      "text": "zip it!",
      "intent": "q_chitchat",
      "entities": []
    },
    {
      "text": "goodbye",
      "intent": "q_chitchat",
      "entities": []
    },
    {
      "text": "where's your house",
      "intent": "q_chitchat",
      "entities": []
    },
    {
      "text": "how are you doing",
      "intent": "q_chitchat",
      "entities": []
    },
    {
      "text": "hahaha",
      "intent": "q_chitchat",
      "entities": []
    },
    {
      "text": "give me a kiss",
      "intent": "q_chitchat",
      "entities": []
    },
    {
      "text": "you're not funny.",
      "intent": "q_chitchat",
      "entities": []
    },
    {
      "text": "brb",
      "intent": "q_chitchat",
      "entities": []
    },
    {
      "text": "yes, that's true",
      "intent": "q_chitchat",
      "entities": []
    },
    {
      "text": "i'm sorry",
      "intent": "q_chitchat",
      "entities": []
    },
    {
      "text": "are you a man or a woman",
      "intent": "q_chitchat",
      "entities": []
    },
    {
      "text": "nice to meet you",
      "intent": "q_chitchat",
      "entities": []
    },
    {
      "text": "i am alone",
      "intent": "q_chitchat",
      "entities": []
    },
    {
      "text": "everything you told me was false.",
      "intent": "q_chitchat",
      "entities": []
    },
    {
      "text": "can you fly",
      "intent": "q_chitchat",
      "entities": []
    },
    {
      "text": "it's my pleasure",
      "intent": "q_chitchat",
      "entities": []
    },
    {
      "text": "you're so happy",
      "intent": "q_chitchat",
      "entities": []
    },
    {
      "text": "what kind of candy do you like",
      "intent": "q_chitchat",
      "entities": []
    },
    {
      "text": "here's a kiss for you",
      "intent": "q_chitchat",
      "entities": []
    },
    {
      "text": "i am happy",
      "intent": "q_chitchat",
      "entities": []
    },
    {
      "text": "what are you doing",
      "intent": "q_chitchat",
      "entities": []
    },
    {
      "text": "ask me a question.",
      "intent": "q_chitchat",
      "entities": []
    },
    {
      "text": "are you trans",
      "intent": "q_chitchat",
      "entities": []
    },
    {
      "text": "i beg your pardon",
      "intent": "q_chitchat",
      "entities": []
    },
    {
      "text": "that was funny",
      "intent": "q_chitchat",
      "entities": []
    },
    {
      "text": "are you hungry",
      "intent": "q_chitchat",
      "entities": []
    },
    {
      "text": "are you male or female",
      "intent": "q_chitchat",
      "entities": []
    },
    {
      "text": "have you met cortana",
      "intent": "q_chitchat",
      "entities": []
    },
    {
      "text": "are you a lesbian",
      "intent": "q_chitchat",
      "entities": []
    },
    {
      "text": "fist bump!",
      "intent": "q_chitchat",
      "entities": []
    },
    {
      "text": "i think you're so pretty",
      "intent": "q_chitchat",
      "entities": []
    },
    {
      "text": "am i a fool",
      "intent": "q_chitchat",
      "entities": []
    },
    {
      "text": "i appreciate it",
      "intent": "q_chitchat",
      "entities": []
    },
    {
      "text": "am i good-looking",
      "intent": "q_chitchat",
      "entities": []
    },
    {
      "text": "i'd like to take you out on a date",
      "intent": "q_chitchat",
      "entities": []
    },
    {
      "text": "where are you",
      "intent": "q_chitchat",
      "entities": []
    },
    {
      "text": "why is that",
      "intent": "q_chitchat",
      "entities": []
    },
    {
      "text": "what's your mom's name",
      "intent": "q_chitchat",
      "entities": []
    },
    {
      "text": "what age are you",
      "intent": "q_chitchat",
      "entities": []
    },
    {
      "text": "who's your boss",
      "intent": "q_chitchat",
      "entities": []
    },
    {
      "text": "who's smarter, me or you",
      "intent": "q_chitchat",
      "entities": []
    },
    {
      "text": "what's going on",
      "intent": "q_chitchat",
      "entities": []
    },
    {
      "text": "hold on a sec",
      "intent": "q_chitchat",
      "entities": []
    },
    {
      "text": "have you ever sung a song",
      "intent": "q_chitchat",
      "entities": []
    },
    {
      "text": "tell me a joke",
      "intent": "q_chitchat",
      "entities": []
    },
    {
      "text": "what kind of food do you like",
      "intent": "q_chitchat",
      "entities": []
    },
    {
      "text": "you must hate me.",
      "intent": "q_chitchat",
      "entities": []
    },
    {
      "text": "give me a fist bump",
      "intent": "q_chitchat",
      "entities": []
    },
    {
      "text": "do you have sisters",
      "intent": "q_chitchat",
      "entities": []
    },
    {
      "text": "are you real",
      "intent": "q_chitchat",
      "entities": []
    },
    {
      "text": "ask me something.",
      "intent": "q_chitchat",
      "entities": []
    },
    {
      "text": "can you chat with me",
      "intent": "q_chitchat",
      "entities": []
    },
    {
      "text": "i'm despondent",
      "intent": "q_chitchat",
      "entities": []
    },
    {
      "text": "are you straight",
      "intent": "q_chitchat",
      "entities": []
    },
    {
      "text": "i'm famished",
      "intent": "q_chitchat",
      "entities": []
    },
    {
      "text": "i am a democrat",
      "intent": "q_chitchat",
      "entities": []
    },
    {
      "text": "are you smarter than me",
      "intent": "q_chitchat",
      "entities": []
    },
    {
      "text": "don't you get hungry",
      "intent": "q_chitchat",
      "entities": []
    },
    {
      "text": "you're really smart",
      "intent": "q_chitchat",
      "entities": []
    },
    {
      "text": "why do you hate me",
      "intent": "q_chitchat",
      "entities": []
    },
    {
      "text": "i hate you",
      "intent": "q_chitchat",
      "entities": []
    },
    {
      "text": "what is wrong with you!",
      "intent": "q_chitchat",
      "entities": []
    },
    {
      "text": "be my friend",
      "intent": "q_chitchat",
      "entities": []
    },
    {
      "text": "testing",
      "intent": "q_chitchat",
      "entities": []
    },
    {
      "text": "are you queer",
      "intent": "q_chitchat",
      "entities": []
    },
    {
      "text": "i love getting valentines.",
      "intent": "q_chitchat",
      "entities": []
    },
    {
      "text": "rofl",
      "intent": "q_chitchat",
      "entities": []
    },
    {
      "text": "it's really nice to meet you",
      "intent": "q_chitchat",
      "entities": []
    },
    {
      "text": "i'm just kidding around",
      "intent": "q_chitchat",
      "entities": []
    },
    {
      "text": "i'm so bored",
      "intent": "q_chitchat",
      "entities": []
    },
    {
      "text": "who's your favorite singer",
      "intent": "q_chitchat",
      "entities": []
    },
    {
      "text": "how are things",
      "intent": "q_chitchat",
      "entities": []
    },
    {
      "text": "why do you say the same thing all the time",
      "intent": "q_chitchat",
      "entities": []
    },
    {
      "text": "what did you do yesterday",
      "intent": "q_chitchat",
      "entities": []
    },
    {
      "text": "what is the meaning of life",
      "intent": "q_chitchat",
      "entities": []
    },
    {
      "text": "you are so annoying!",
      "intent": "q_chitchat",
      "entities": []
    },
    {
      "text": "i am going on a run",
      "intent": "q_chitchat",
      "entities": []
    },
    {
      "text": "do you know any songs",
      "intent": "q_chitchat",
      "entities": []
    },
    {
      "text": "butterface.",
      "intent": "q_chitchat",
      "entities": []
    },
    {
      "text": "what are you doing right now",
      "intent": "q_chitchat",
      "entities": []
    },
    {
      "text": "i wish you just go away.",
      "intent": "q_chitchat",
      "entities": []
    },
    {
      "text": "have a good night",
      "intent": "q_chitchat",
      "entities": []
    },
    {
      "text": "you're nice!",
      "intent": "q_chitchat",
      "entities": []
    },
    {
      "text": "can you hear me now",
      "intent": "q_chitchat",
      "entities": []
    },
    {
      "text": "how do you feel about working late",
      "intent": "q_chitchat",
      "entities": []
    },
    {
      "text": "you are so unfunny.",
      "intent": "q_chitchat",
      "entities": []
    },
    {
      "text": "are you pansexual",
      "intent": "q_chitchat",
      "entities": []
    },
    {
      "text": "which people made you",
      "intent": "q_chitchat",
      "entities": []
    },
    {
      "text": "do you like siri",
      "intent": "q_chitchat",
      "entities": []
    },
    {
      "text": "are you with the cia",
      "intent": "q_chitchat",
      "entities": []
    },
    {
      "text": "i despise you",
      "intent": "q_chitchat",
      "entities": []
    },
    {
      "text": "do you have a family",
      "intent": "q_chitchat",
      "entities": []
    },
    {
      "text": "there",
      "intent": "q_chitchat",
      "entities": []
    },
    {
      "text": "that's true",
      "intent": "q_chitchat",
      "entities": []
    },
    {
      "text": "i'm into it",
      "intent": "q_chitchat",
      "entities": []
    },
    {
      "text": "i want to be your friend.",
      "intent": "q_chitchat",
      "entities": []
    },
    {
      "text": "later",
      "intent": "q_chitchat",
      "entities": []
    },
    {
      "text": "sing something",
      "intent": "q_chitchat",
      "entities": []
    },
    {
      "text": "who's your favorite team",
      "intent": "q_chitchat",
      "entities": []
    },
    {
      "text": "can we chat",
      "intent": "q_chitchat",
      "entities": []
    },
    {
      "text": "what's your favorite song",
      "intent": "q_chitchat",
      "entities": []
    },
    {
      "text": "merry christmas",
      "intent": "q_chitchat",
      "entities": []
    },
    {
      "text": "good night",
      "intent": "q_chitchat",
      "entities": []
    },
    {
      "text": "do you love anyone",
      "intent": "q_chitchat",
      "entities": []
    },
    {
      "text": "getting tired of you",
      "intent": "q_chitchat",
      "entities": []
    },
    {
      "text": "hi siri",
      "intent": "q_chitchat",
      "entities": []
    },
    {
      "text": "who do you love",
      "intent": "q_chitchat",
      "entities": []
    },
    {
      "text": "i miss you",
      "intent": "q_chitchat",
      "entities": []
    },
    {
      "text": "you're so boring",
      "intent": "q_chitchat",
      "entities": []
    },
    {
      "text": "i miss you so much!",
      "intent": "q_chitchat",
      "entities": []
    },
    {
      "text": "do you get hungry",
      "intent": "q_chitchat",
      "entities": []
    },
    {
      "text": "kthx",
      "intent": "q_chitchat",
      "entities": []
    },
    {
      "text": "do you think i look good",
      "intent": "q_chitchat",
      "entities": []
    },
    {
      "text": "i just want to go to sleep",
      "intent": "q_chitchat",
      "entities": []
    },
    {
      "text": "what are you up to",
      "intent": "q_chitchat",
      "entities": []
    },
    {
      "text": "i wish i could hug you",
      "intent": "q_chitchat",
      "entities": []
    },
    {
      "text": "say something funny",
      "intent": "q_chitchat",
      "entities": []
    },
    {
      "text": "i can't think of anything i want to do",
      "intent": "q_chitchat",
      "entities": []
    },
    {
      "text": "you're very intelligent",
      "intent": "q_chitchat",
      "entities": []
    },
    {
      "text": "i want you to be my husband",
      "intent": "q_chitchat",
      "entities": []
    },
    {
      "text": "you don't interest me at all",
      "intent": "q_chitchat",
      "entities": []
    },
    {
      "text": "i'm from there",
      "intent": "q_chitchat",
      "entities": []
    },
    {
      "text": "thank you so much",
      "intent": "q_chitchat",
      "entities": []
    },
    {
      "text": "basic af",
      "intent": "q_chitchat",
      "entities": []
    },
    {
      "text": "what's happening",
      "intent": "q_chitchat",
      "entities": []
    },
    {
      "text": "i didn't mean that",
      "intent": "q_chitchat",
      "entities": []
    },
    {
      "text": "do i look good in blue",
      "intent": "q_chitchat",
      "entities": []
    },
    {
      "text": "are you better looking than me",
      "intent": "q_chitchat",
      "entities": []
    },
    {
      "text": "do you know me",
      "intent": "q_chitchat",
      "entities": []
    },
    {
      "text": "how does the climate system work",
      "intent": "q_faq",
      "entities": []
    },
    {
      "text": "how do i raise a bug",
      "intent": "q_faq",
      "entities": []
    },
    {
      "text": "how do i operate cruse control",
      "intent": "q_faq",
      "entities": []
    },
    {
      "text": "what are memory seats",
      "intent": "q_faq",
      "entities": []
    },
    {
      "text": "what can the point of interest skill do",
      "intent": "q_faq",
      "entities": []
    },
    {
      "text": "how can i set all my doors to unlock",
      "intent": "q_faq",
      "entities": []
    },
    {
      "text": "max defrost",
      "intent": "q_faq",
      "entities": []
    },
    {
      "text": "how do i work cruise control",
      "intent": "q_faq",
      "entities": []
    },
    {
      "text": "what is my fuel capacity",
      "intent": "q_faq",
      "entities": []
    },
    {
      "text": "how do i charge my phone",
      "intent": "q_faq",
      "entities": []
    },
    {
      "text": "what is my tire pressure",
      "intent": "q_faq",
      "entities": []
    },
    {
      "text": "what is that red circle light on my dash",
      "intent": "q_faq",
      "entities": []
    },
    {
      "text": "i have a flat tire.",
      "intent": "q_faq",
      "entities": []
    },
    {
      "text": "what is cruise control",
      "intent": "q_faq",
      "entities": []
    },
    {
      "text": "do you put gas in on the right or the left",
      "intent": "q_faq",
      "entities": []
    },
    {
      "text": "winter is coming",
      "intent": "q_faq",
      "entities": []
    },
    {
      "text": "what can the calendar skill do",
      "intent": "q_faq",
      "entities": []
    },
    {
      "text": "what is a skill",
      "intent": "q_faq",
      "entities": []
    },
    {
      "text": "how do i unlock the door without hitting the unlock button",
      "intent": "q_faq",
      "entities": []
    },
    {
      "text": "how do i find the spare tire",
      "intent": "q_faq",
      "entities": []
    },
    {
      "text": "in car productivity",
      "intent": "q_faq",
      "entities": []
    },
    {
      "text": "my tire is flat.",
      "intent": "q_faq",
      "entities": []
    },
    {
      "text": "what is that yellow light",
      "intent": "q_faq",
      "entities": []
    },
    {
      "text": "does my car have lumbar support",
      "intent": "q_faq",
      "entities": []
    },
    {
      "text": "should i use premium gas",
      "intent": "q_faq",
      "entities": []
    },
    {
      "text": "yo brother",
      "intent": "q_faq",
      "entities": []
    },
    {
      "text": "what are my vehicles safety features",
      "intent": "q_faq",
      "entities": []
    },
    {
      "text": "what is my fuel type",
      "intent": "q_faq",
      "entities": []
    },
    {
      "text": "can you tell me about my car's safety features",
      "intent": "q_faq",
      "entities": []
    },
    {
      "text": "where do i put gas in on the car",
      "intent": "q_faq",
      "entities": []
    },
    {
      "text": "where is the button to heat the steering wheel",
      "intent": "q_faq",
      "entities": []
    },
    {
      "text": "what is a virtual assistant",
      "intent": "q_faq",
      "entities": []
    },
    {
      "text": "how do i use cruise control",
      "intent": "q_faq",
      "entities": []
    },
    {
      "text": "car info",
      "intent": "q_faq",
      "entities": []
    },
    {
      "text": "can you tell me about safety features",
      "intent": "q_faq",
      "entities": []
    },
    {
      "text": "how much gas does my car hold",
      "intent": "q_faq",
      "entities": []
    },
    {
      "text": "do i have a spare tire",
      "intent": "q_faq",
      "entities": []
    },
    {
      "text": "what can the todo skill do",
      "intent": "q_faq",
      "entities": []
    },
    {
      "text": "recommended tire pressure",
      "intent": "q_faq",
      "entities": []
    },
    {
      "text": "how do you use a seat belt to secure a car seat",
      "intent": "q_faq",
      "entities": []
    },
    {
      "text": "what can the email skill do",
      "intent": "q_faq",
      "entities": []
    },
    {
      "text": "where is the spare tire",
      "intent": "q_faq",
      "entities": []
    },
    {
      "text": "set defrost to max.",
      "intent": "q_faq",
      "entities": []
    },
    {
      "text": "what side of the car is the gas cap",
      "intent": "q_faq",
      "entities": []
    },
    {
      "text": "how do i pair my bluetooth phone",
      "intent": "q_faq",
      "entities": []
    },
    {
      "text": "what kind of gas does my car use",
      "intent": "q_faq",
      "entities": []
    },
    {
      "text": "what is that red tire light on my dash",
      "intent": "q_faq",
      "entities": []
    },
    {
      "text": "is there low back support",
      "intent": "q_faq",
      "entities": []
    },
    {
      "text": "what is my tire level",
      "intent": "q_faq",
      "entities": []
    },
    {
      "text": "how do i turn off the alarm",
      "intent": "q_faq",
      "entities": []
    },
    {
      "text": "maximum defrost",
      "intent": "q_faq",
      "entities": []
    },
    {
      "text": "what fuel do you recommend",
      "intent": "q_faq",
      "entities": []
    },
    {
      "text": "is my car a diesel",
      "intent": "q_faq",
      "entities": []
    },
    {
      "text": "how much gas do i have",
      "intent": "q_faq",
      "entities": []
    },
    {
      "text": "where can i pair my bluetooth phone",
      "intent": "q_faq",
      "entities": []
    },
    {
      "text": "what are some safety features",
      "intent": "q_faq",
      "entities": []
    },
    {
      "text": "set defrost to maximum",
      "intent": "q_faq",
      "entities": []
    },
    {
      "text": "where is the gas cap",
      "intent": "q_faq",
      "entities": []
    },
    {
      "text": "what is my fuel level",
      "intent": "q_faq",
      "entities": []
    },
    {
      "text": "where is the emergency release for the fuel tank",
      "intent": "q_faq",
      "entities": []
    },
    {
      "text": "where is my fuel filler location",
      "intent": "q_faq",
      "entities": []
    },
    {
      "text": "make a reservation",
      "intent": "q_faq",
      "entities": []
    },
    {
      "text": "how do i turn on cruise control",
      "intent": "q_faq",
      "entities": []
    },
    {
      "text": "when should i change my oil",
      "intent": "q_faq",
      "entities": []
    },
    {
      "text": "what is that yellow tire light on my dash",
      "intent": "q_faq",
      "entities": []
    },
    {
      "text": "how do i use my lumbar support",
      "intent": "q_faq",
      "entities": []
    },
    {
      "text": "help with jira",
      "intent": "q_katbot_kb",
      "entities": []
    },
    {
      "text": "jira",
      "intent": "q_katbot_kb",
      "entities": []
    },
    {
      "text": "what is jira",
      "intent": "q_katbot_kb",
      "entities": []
    },
    {
      "text": "how do i submit an expense",
      "intent": "q_katbot_kb",
      "entities": []
    }
  ],
  "settings": [
    {
      "name": "NormalizeDiacritics",
      "value": "true"
    }
  ]
}
