{
  "cognitiveModels": {
    "en": {
      "languageModels": [
        {
          "appid": "b6acf3be-a6e9-4033-9bf4-42484154d4f2",
          "id": "general",
          "region": "westus",
          "subscriptionkey": "1d4856d56b274174aa823b244d4ba465",
          "version": "0.1",
          "authoringkey": "1d4856d56b274174aa823b244d4ba465",
          "name": "KATAssistanten_general"
        }
      ],
      "knowledgebases": [
        {
          "id": "chitchat",
          "kbId": "a3c6c0be-4fac-42d0-b4ef-a614b77f0cae",
          "subscriptionKey": "1379939522f8491484a210b26c331825",
          "hostname": "https://katassistant-qnahost.azurewebsites.net",
          "endpointKey": "719a58d6-4515-4c17-86de-7d0c8400ab72",
          "name": "chitchat"
        },
        {
          "id": "faq",
          "kbId": "8d20c84c-241a-4c02-a3b9-0a7dfb198de5",
          "subscriptionKey": "1379939522f8491484a210b26c331825",
          "hostname": "https://katassistant-qnahost.azurewebsites.net",
          "endpointKey": "719a58d6-4515-4c17-86de-7d0c8400ab72",
          "name": "faq"
        }
      ],
      "dispatchModel": {
        "appid": "5b5bc801-50ce-4b67-8704-6819fa7121fb",
        "type": "dispatch",
        "subscriptionkey": "1d4856d56b274174aa823b244d4ba465",
        "region": "westus",
        "authoringkey": "1d4856d56b274174aa823b244d4ba465",
        "name": "KATAssistanten_Dispatch"
      }
    }
  },
  "defaultLocale": "en-us"
}
