{
  "cognitiveModels": {
    "en": {
      "knowledgebases": [
        {
          "name": "chitchat",
          "endpointKey": "719a58d6-4515-4c17-86de-7d0c8400ab72",
          "id": "chitchat",
          "hostname": "https://katassistant-qnahost.azurewebsites.net",
          "subscriptionKey": "1379939522f8491484a210b26c331825",
          "kbId": "c632ab4d-85ba-47ee-a740-9726568f6bea"
        },
        {
          "name": "faq",
          "endpointKey": "719a58d6-4515-4c17-86de-7d0c8400ab72",
          "id": "faq",
          "hostname": "https://katassistant-qnahost.azurewebsites.net",
          "subscriptionKey": "1379939522f8491484a210b26c331825",
          "kbId": "5ab5863a-4501-4eea-9225-ca53799a4092"
        },
        {
          "name": "katbot_kb",
          "endpointKey": "719a58d6-4515-4c17-86de-7d0c8400ab72",
          "id": "katbot_kb",
          "hostname": "https://katassistant-qnahost.azurewebsites.net",
          "subscriptionKey": "1379939522f8491484a210b26c331825",
          "kbId": "05607834-9c69-49cf-b28c-00fa1a233a78"
        }
      ],
      "languageModels": [],
      "dispatchModel": {
        "name": "KATAssistanten_Dispatch",
        "authoringkey": "1d4856d56b274174aa823b244d4ba465",
        "region": "westus",
        "type": "dispatch",
        "subscriptionkey": "1d4856d56b274174aa823b244d4ba465",
        "appid": "7e017a54-905b-4a4d-81e4-607c1fa45569"
      }
    }
  },
  "defaultLocale": "en-us"
}
